﻿<parameters>
  <parameter name="IIS Web Application Name" defaultValue="Default Web Site/MvcMusicStore_deploy" tags="IisApp">
    <parameterEntry kind="ProviderPath" scope="IisApp" match="^C:\\Users\\user\\Documents\\Visual_Studio_2010\\Projects\\MvcMusicStore\\MvcMusicStore\\obj\\Debug\\Package\\PackageTmp$" />
    <parameterEntry kind="ProviderPath" scope="setAcl" match="^C:\\Users\\user\\Documents\\Visual_Studio_2010\\Projects\\MvcMusicStore\\MvcMusicStore\\obj\\Debug\\Package\\PackageTmp$" />
  </parameter>
  <parameter name="LocalSqlServer-Web.config Connection String" description="LocalSqlServer Connection String used in web.config by the application to access the database." defaultValue="Data Source=DBServerName;Integrated Security=false;Initial Catalog=DBName;User ID=DBLogin;Password=DBPassword" tags="SqlConnectionString">
    <parameterEntry kind="XmlFile" scope="C:\\Users\\user\\Documents\\Visual_Studio_2010\\Projects\\MvcMusicStore\\MvcMusicStore\\obj\\Debug\\Package\\PackageTmp\\Web\.config$" match="/configuration/connectionStrings/add[@name='LocalSqlServer']/@connectionString" />
  </parameter>
  <parameter name="MusicStoreEntities-Web.config Connection String" description="MusicStoreEntities Connection String used in web.config by the application to access the database." defaultValue="Data Source=|DataDirectory|MvcMusicStore.sdf" tags="SqlConnectionString">
    <parameterEntry kind="XmlFile" scope="C:\\Users\\user\\Documents\\Visual_Studio_2010\\Projects\\MvcMusicStore\\MvcMusicStore\\obj\\Debug\\Package\\PackageTmp\\Web\.config$" match="/configuration/connectionStrings/add[@name='MusicStoreEntities']/@connectionString" />
  </parameter>
</parameters>